text,sentiment
I love this product, it works perfectly!	positive
The product is okay, nothing special.	neutral
Average quality, expected better.	neutral
Amazing experience, will definitely recommend.	positive
It's fine, works as described.	neutral
Customer service was rude and unhelpful.	negative
It's fine, works as described.	neutral
Average quality, expected better.	neutral
This made my day, fantastic!	positive
Customer service was rude and unhelpful.	negative
It's fine, works as described.	neutral
This made my day, fantastic!	positive
I love this product, it works perfectly!	positive
This made my day, fantastic!	positive
It's fine, works as described.	neutral
Neither good nor bad, just neutral.	neutral
The product is okay, nothing special.	neutral
So happy with the service, totally satisfied.	positive
I hate this, completely useless.	negative
I hate this, completely useless.	negative
Average quality, expected better.	neutral
It's fine, works as described.	neutral
Amazing experience, will definitely recommend.	positive
Customer service was rude and unhelpful.	negative
Very bad experience, not happy at all.	negative
The product is okay, nothing special.	neutral
Customer service was rude and unhelpful.	negative
Amazing experience, will definitely recommend.	positive
The product is okay, nothing special.	neutral
Customer service was rude and unhelpful.	negative
I love this product, it works perfectly!	positive
Not bad, but could be improved.	neutral
Excellent quality and fast delivery.	positive
Amazing experience, will definitely recommend.	positive
Customer service was rude and unhelpful.	negative
It's fine, works as described.	neutral
I love this product, it works perfectly!	positive
Amazing experience, will definitely recommend.	positive
Very bad experience, not happy at all.	negative
Worst purchase I have ever made.	negative
Neither good nor bad, just neutral.	neutral
Amazing experience, will definitely recommend.	positive
The product broke after one use, terrible quality.	negative
I love this product, it works perfectly!	positive
It's fine, works as described.	neutral
Amazing experience, will definitely recommend.	positive
The product broke after one use, terrible quality.	negative
Not bad, but could be improved.	neutral
I love this product, it works perfectly!	positive
Very bad experience, not happy at all.	negative
The product is okay, nothing special.	neutral
The product is okay, nothing special.	neutral
Excellent quality and fast delivery.	positive
It's fine, works as described.	neutral
Very bad experience, not happy at all.	negative
Neither good nor bad, just neutral.	neutral
Worst purchase I have ever made.	negative
The product is okay, nothing special.	neutral
This made my day, fantastic!	positive
Worst purchase I have ever made.	negative
Worst purchase I have ever made.	negative
It's fine, works as described.	neutral
Customer service was rude and unhelpful.	negative
Very bad experience, not happy at all.	negative
Not bad, but could be improved.	neutral
I hate this, completely useless.	negative
I hate this, completely useless.	negative
Amazing experience, will definitely recommend.	positive
It's fine, works as described.	neutral
Customer service was rude and unhelpful.	negative
It's fine, works as described.	neutral
It's fine, works as described.	neutral
It's fine, works as described.	neutral
Amazing experience, will definitely recommend.	positive
It's fine, works as described.	neutral
Neither good nor bad, just neutral.	neutral
The product is okay, nothing special.	neutral
Neither good nor bad, just neutral.	neutral
I love this product, it works perfectly!	positive
Very bad experience, not happy at all.	negative
Average quality, expected better.	neutral
Worst purchase I have ever made.	negative
It's fine, works as described.	neutral
The product is okay, nothing special.	neutral
This made my day, fantastic!	positive
The product is okay, nothing special.	neutral
Customer service was rude and unhelpful.	negative
It's fine, works as described.	neutral
The product is okay, nothing special.	neutral
Average quality, expected better.	neutral
Customer service was rude and unhelpful.	negative
So happy with the service, totally satisfied.	positive
The product is okay, nothing special.	neutral
This made my day, fantastic!	positive
Amazing experience, will definitely recommend.	positive
It's fine, works as described.	neutral
Average quality, expected better.	neutral
This made my day, fantastic!	positive
Customer service was rude and unhelpful.	negative
The product is okay, nothing special.	neutral
It's fine, works as described.	neutral
Not bad, but could be improved.	neutral
Customer service was rude and unhelpful.	negative
Not bad, but could be improved.	neutral
Amazing experience, will definitely recommend.	positive
Average quality, expected better.	neutral
Very bad experience, not happy at all.	negative
Excellent quality and fast delivery.	positive
So happy with the service, totally satisfied.	positive
Average quality, expected better.	neutral
Excellent quality and fast delivery.	positive
Not bad, but could be improved.	neutral
Worst purchase I have ever made.	negative
Average quality, expected better.	neutral
Amazing experience, will definitely recommend.	positive
Excellent quality and fast delivery.	positive
This made my day, fantastic!	positive
The product is okay, nothing special.	neutral
So happy with the service, totally satisfied.	positive
It's fine, works as described.	neutral
I love this product, it works perfectly!	positive
Average quality, expected better.	neutral
Very bad experience, not happy at all.	negative
This made my day, fantastic!	positive
I hate this, completely useless.	negative
I love this product, it works perfectly!	positive
Very bad experience, not happy at all.	negative
Very bad experience, not happy at all.	negative
Not bad, but could be improved.	neutral
I hate this, completely useless.	negative
So happy with the service, totally satisfied.	positive
Neither good nor bad, just neutral.	neutral
This made my day, fantastic!	positive
Customer service was rude and unhelpful.	negative
I love this product, it works perfectly!	positive
Average quality, expected better.	neutral
It's fine, works as described.	neutral
I love this product, it works perfectly!	positive
The product is okay, nothing special.	neutral
Excellent quality and fast delivery.	positive
Not bad, but could be improved.	neutral
Customer service was rude and unhelpful.	negative
I hate this, completely useless.	negative
So happy with the service, totally satisfied.	positive
Worst purchase I have ever made.	negative
Amazing experience, will definitely recommend.	positive
The product is okay, nothing special.	neutral
Very bad experience, not happy at all.	negative
I love this product, it works perfectly!	positive
Customer service was rude and unhelpful.	negative
Amazing experience, will definitely recommend.	positive
This made my day, fantastic!	positive
This made my day, fantastic!	positive
Customer service was rude and unhelpful.	negative
I hate this, completely useless.	negative
Not bad, but could be improved.	neutral
The product broke after one use, terrible quality.	negative
I hate this, completely useless.	negative
Amazing experience, will definitely recommend.	positive
So happy with the service, totally satisfied.	positive
The product broke after one use, terrible quality.	negative
The product broke after one use, terrible quality.	negative
I love this product, it works perfectly!	positive
The product broke after one use, terrible quality.	negative
I hate this, completely useless.	negative
I love this product, it works perfectly!	positive
Customer service was rude and unhelpful.	negative
So happy with the service, totally satisfied.	positive
Excellent quality and fast delivery.	positive
Amazing experience, will definitely recommend.	positive
Average quality, expected better.	neutral
Neither good nor bad, just neutral.	neutral
Not bad, but could be improved.	neutral
Customer service was rude and unhelpful.	negative
The product broke after one use, terrible quality.	negative
The product is okay, nothing special.	neutral
I hate this, completely useless.	negative
Neither good nor bad, just neutral.	neutral
So happy with the service, totally satisfied.	positive
The product is okay, nothing special.	neutral
Not bad, but could be improved.	neutral
So happy with the service, totally satisfied.	positive
I love this product, it works perfectly!	positive
Worst purchase I have ever made.	negative
Neither good nor bad, just neutral.	neutral
This made my day, fantastic!	positive
I love this product, it works perfectly!	positive
Neither good nor bad, just neutral.	neutral
Very bad experience, not happy at all.	negative
It's fine, works as described.	neutral
This made my day, fantastic!	positive
Average quality, expected better.	neutral
Neither good nor bad, just neutral.	neutral
I hate this, completely useless.	negative
Neither good nor bad, just neutral.	neutral
The product is okay, nothing special.	neutral
Neither good nor bad, just neutral.	neutral
Customer service was rude and unhelpful.	negative
The product broke after one use, terrible quality.	negative
It's fine, works as described.	neutral
Neither good nor bad, just neutral.	neutral
So happy with the service, totally satisfied.	positive
It's fine, works as described.	neutral
So happy with the service, totally satisfied.	positive
The product is okay, nothing special.	neutral
I love this product, it works perfectly!	positive
Excellent quality and fast delivery.	positive
Customer service was rude and unhelpful.	negative
Neither good nor bad, just neutral.	neutral
The product is okay, nothing special.	neutral
Worst purchase I have ever made.	negative
Neither good nor bad, just neutral.	neutral
The product is okay, nothing special.	neutral
This made my day, fantastic!	positive
It's fine, works as described.	neutral
It's fine, works as described.	neutral
So happy with the service, totally satisfied.	positive
The product broke after one use, terrible quality.	negative
Not bad, but could be improved.	neutral
It's fine, works as described.	neutral
I hate this, completely useless.	negative
So happy with the service, totally satisfied.	positive
Customer service was rude and unhelpful.	negative
Not bad, but could be improved.	neutral
Amazing experience, will definitely recommend.	positive
So happy with the service, totally satisfied.	positive
Amazing experience, will definitely recommend.	positive
Worst purchase I have ever made.	negative
Very bad experience, not happy at all.	negative
Amazing experience, will definitely recommend.	positive
I love this product, it works perfectly!	positive
Very bad experience, not happy at all.	negative
It's fine, works as described.	neutral
Worst purchase I have ever made.	negative
The product broke after one use, terrible quality.	negative
Neither good nor bad, just neutral.	neutral
Very bad experience, not happy at all.	negative
So happy with the service, totally satisfied.	positive
Worst purchase I have ever made.	negative
It's fine, works as described.	neutral
The product broke after one use, terrible quality.	negative
Amazing experience, will definitely recommend.	positive
So happy with the service, totally satisfied.	positive
Amazing experience, will definitely recommend.	positive
The product is okay, nothing special.	neutral
Worst purchase I have ever made.	negative
Not bad, but could be improved.	neutral
The product is okay, nothing special.	neutral
Worst purchase I have ever made.	negative
Excellent quality and fast delivery.	positive
Worst purchase I have ever made.	negative
I hate this, completely useless.	negative
It's fine, works as described.	neutral
It's fine, works as described.	neutral
Not bad, but could be improved.	neutral
I hate this, completely useless.	negative
Neither good nor bad, just neutral.	neutral
Amazing experience, will definitely recommend.	positive
Amazing experience, will definitely recommend.	positive
Average quality, expected better.	neutral
Amazing experience, will definitely recommend.	positive
Very bad experience, not happy at all.	negative
Worst purchase I have ever made.	negative
This made my day, fantastic!	positive
Worst purchase I have ever made.	negative
I hate this, completely useless.	negative
It's fine, works as described.	neutral
It's fine, works as described.	neutral
It's fine, works as described.	neutral
I love this product, it works perfectly!	positive
Amazing experience, will definitely recommend.	positive
It's fine, works as described.	neutral
Amazing experience, will definitely recommend.	positive
I love this product, it works perfectly!	positive
Amazing experience, will definitely recommend.	positive
Worst purchase I have ever made.	negative
I hate this, completely useless.	negative
I love this product, it works perfectly!	positive
It's fine, works as described.	neutral
So happy with the service, totally satisfied.	positive
I love this product, it works perfectly!	positive
The product broke after one use, terrible quality.	negative
Not bad, but could be improved.	neutral
Not bad, but could be improved.	neutral
Neither good nor bad, just neutral.	neutral
Customer service was rude and unhelpful.	negative
I love this product, it works perfectly!	positive
Very bad experience, not happy at all.	negative
Very bad experience, not happy at all.	negative
Amazing experience, will definitely recommend.	positive
The product broke after one use, terrible quality.	negative
Very bad experience, not happy at all.	negative
The product is okay, nothing special.	neutral
Worst purchase I have ever made.	negative
Neither good nor bad, just neutral.	neutral
The product is okay, nothing special.	neutral
I love this product, it works perfectly!	positive
The product broke after one use, terrible quality.	negative
The product is okay, nothing special.	neutral
Amazing experience, will definitely recommend.	positive
This made my day, fantastic!	positive
Customer service was rude and unhelpful.	negative
This made my day, fantastic!	positive
Average quality, expected better.	neutral
So happy with the service, totally satisfied.	positive
The product is okay, nothing special.	neutral
Average quality, expected better.	neutral
Customer service was rude and unhelpful.	negative
I love this product, it works perfectly!	positive
It's fine, works as described.	neutral
Customer service was rude and unhelpful.	negative
Average quality, expected better.	neutral
Very bad experience, not happy at all.	negative
The product broke after one use, terrible quality.	negative
I love this product, it works perfectly!	positive
This made my day, fantastic!	positive
Not bad, but could be improved.	neutral
Not bad, but could be improved.	neutral
Very bad experience, not happy at all.	negative
The product is okay, nothing special.	neutral
I hate this, completely useless.	negative
So happy with the service, totally satisfied.	positive
The product is okay, nothing special.	neutral
Very bad experience, not happy at all.	negative
Worst purchase I have ever made.	negative
The product broke after one use, terrible quality.	negative
Amazing experience, will definitely recommend.	positive
Excellent quality and fast delivery.	positive
Very bad experience, not happy at all.	negative
Very bad experience, not happy at all.	negative
The product broke after one use, terrible quality.	negative
Amazing experience, will definitely recommend.	positive
The product is okay, nothing special.	neutral
Excellent quality and fast delivery.	positive
Worst purchase I have ever made.	negative
This made my day, fantastic!	positive
Neither good nor bad, just neutral.	neutral
Amazing experience, will definitely recommend.	positive
The product is okay, nothing special.	neutral
Not bad, but could be improved.	neutral
So happy with the service, totally satisfied.	positive
Excellent quality and fast delivery.	positive
Excellent quality and fast delivery.	positive
The product broke after one use, terrible quality.	negative
So happy with the service, totally satisfied.	positive
I hate this, completely useless.	negative
So happy with the service, totally satisfied.	positive
Not bad, but could be improved.	neutral
Customer service was rude and unhelpful.	negative
Customer service was rude and unhelpful.	negative
I hate this, completely useless.	negative
Customer service was rude and unhelpful.	negative
This made my day, fantastic!	positive
Customer service was rude and unhelpful.	negative
Very bad experience, not happy at all.	negative
So happy with the service, totally satisfied.	positive
Not bad, but could be improved.	neutral
Excellent quality and fast delivery.	positive
Worst purchase I have ever made.	negative
Neither good nor bad, just neutral.	neutral
Amazing experience, will definitely recommend.	positive
I love this product, it works perfectly!	positive
Average quality, expected better.	neutral
Amazing experience, will definitely recommend.	positive
The product is okay, nothing special.	neutral
Average quality, expected better.	neutral
The product broke after one use, terrible quality.	negative
Average quality, expected better.	neutral
The product is okay, nothing special.	neutral
Not bad, but could be improved.	neutral
So happy with the service, totally satisfied.	positive
I hate this, completely useless.	negative
Very bad experience, not happy at all.	negative
Very bad experience, not happy at all.	negative
Customer service was rude and unhelpful.	negative
The product is okay, nothing special.	neutral
So happy with the service, totally satisfied.	positive
Amazing experience, will definitely recommend.	positive
Neither good nor bad, just neutral.	neutral
I love this product, it works perfectly!	positive
Amazing experience, will definitely recommend.	positive
Average quality, expected better.	neutral
Excellent quality and fast delivery.	positive
Worst purchase I have ever made.	negative
I hate this, completely useless.	negative
The product broke after one use, terrible quality.	negative
The product broke after one use, terrible quality.	negative
Neither good nor bad, just neutral.	neutral
I love this product, it works perfectly!	positive
Very bad experience, not happy at all.	negative
It's fine, works as described.	neutral
Average quality, expected better.	neutral
Worst purchase I have ever made.	negative
Customer service was rude and unhelpful.	negative
Average quality, expected better.	neutral
The product broke after one use, terrible quality.	negative
Excellent quality and fast delivery.	positive
Not bad, but could be improved.	neutral
Customer service was rude and unhelpful.	negative
The product is okay, nothing special.	neutral
Customer service was rude and unhelpful.	negative
I hate this, completely useless.	negative
Excellent quality and fast delivery.	positive
I hate this, completely useless.	negative
So happy with the service, totally satisfied.	positive
So happy with the service, totally satisfied.	positive
Amazing experience, will definitely recommend.	positive
Very bad experience, not happy at all.	negative
I hate this, completely useless.	negative
The product is okay, nothing special.	neutral
Excellent quality and fast delivery.	positive
Average quality, expected better.	neutral
It's fine, works as described.	neutral
The product is okay, nothing special.	neutral
The product broke after one use, terrible quality.	negative
Customer service was rude and unhelpful.	negative
Customer service was rude and unhelpful.	negative
This made my day, fantastic!	positive
The product is okay, nothing special.	neutral
This made my day, fantastic!	positive
Excellent quality and fast delivery.	positive
The product broke after one use, terrible quality.	negative
Not bad, but could be improved.	neutral
The product broke after one use, terrible quality.	negative
Worst purchase I have ever made.	negative
Customer service was rude and unhelpful.	negative
Worst purchase I have ever made.	negative
I hate this, completely useless.	negative
Not bad, but could be improved.	neutral
The product broke after one use, terrible quality.	negative
So happy with the service, totally satisfied.	positive
The product is okay, nothing special.	neutral
Customer service was rude and unhelpful.	negative
This made my day, fantastic!	positive
Neither good nor bad, just neutral.	neutral
So happy with the service, totally satisfied.	positive
Amazing experience, will definitely recommend.	positive
So happy with the service, totally satisfied.	positive
This made my day, fantastic!	positive
Neither good nor bad, just neutral.	neutral
This made my day, fantastic!	positive
Not bad, but could be improved.	neutral
Neither good nor bad, just neutral.	neutral
Customer service was rude and unhelpful.	negative
Worst purchase I have ever made.	negative
Average quality, expected better.	neutral
Excellent quality and fast delivery.	positive
Excellent quality and fast delivery.	positive
Neither good nor bad, just neutral.	neutral
Excellent quality and fast delivery.	positive
The product broke after one use, terrible quality.	negative
Very bad experience, not happy at all.	negative
The product is okay, nothing special.	neutral
This made my day, fantastic!	positive
So happy with the service, totally satisfied.	positive
Neither good nor bad, just neutral.	neutral
This made my day, fantastic!	positive
Not bad, but could be improved.	neutral
Customer service was rude and unhelpful.	negative
The product broke after one use, terrible quality.	negative
Average quality, expected better.	neutral
Average quality, expected better.	neutral
Average quality, expected better.	neutral
Neither good nor bad, just neutral.	neutral
Customer service was rude and unhelpful.	negative
Neither good nor bad, just neutral.	neutral
It's fine, works as described.	neutral
The product is okay, nothing special.	neutral
Customer service was rude and unhelpful.	negative
I love this product, it works perfectly!	positive
The product broke after one use, terrible quality.	negative
Worst purchase I have ever made.	negative
Amazing experience, will definitely recommend.	positive
The product is okay, nothing special.	neutral
Customer service was rude and unhelpful.	negative
Average quality, expected better.	neutral
The product is okay, nothing special.	neutral
This made my day, fantastic!	positive
This made my day, fantastic!	positive
I hate this, completely useless.	negative
The product broke after one use, terrible quality.	negative
The product is okay, nothing special.	neutral
Excellent quality and fast delivery.	positive
I love this product, it works perfectly!	positive
Not bad, but could be improved.	neutral
Amazing experience, will definitely recommend.	positive
Average quality, expected better.	neutral
Neither good nor bad, just neutral.	neutral
The product broke after one use, terrible quality.	negative
Amazing experience, will definitely recommend.	positive
Average quality, expected better.	neutral
Amazing experience, will definitely recommend.	positive
I love this product, it works perfectly!	positive
Not bad, but could be improved.	neutral
It's fine, works as described.	neutral
Neither good nor bad, just neutral.	neutral
Amazing experience, will definitely recommend.	positive
Average quality, expected better.	neutral
It's fine, works as described.	neutral
Excellent quality and fast delivery.	positive
Worst purchase I have ever made.	negative
The product is okay, nothing special.	neutral
Worst purchase I have ever made.	negative
This made my day, fantastic!	positive
The product is okay, nothing special.	neutral
This made my day, fantastic!	positive
I hate this, completely useless.	negative
Not bad, but could be improved.	neutral
Excellent quality and fast delivery.	positive
This made my day, fantastic!	positive
This made my day, fantastic!	positive
The product broke after one use, terrible quality.	negative
This made my day, fantastic!	positive
Not bad, but could be improved.	neutral
Amazing experience, will definitely recommend.	positive
Worst purchase I have ever made.	negative
Very bad experience, not happy at all.	negative
Excellent quality and fast delivery.	positive
Customer service was rude and unhelpful.	negative
So happy with the service, totally satisfied.	positive
The product is okay, nothing special.	neutral
Average quality, expected better.	neutral
The product broke after one use, terrible quality.	negative
So happy with the service, totally satisfied.	positive
I love this product, it works perfectly!	positive
I love this product, it works perfectly!	positive
The product is okay, nothing special.	neutral
Amazing experience, will definitely recommend.	positive
I love this product, it works perfectly!	positive
Not bad, but could be improved.	neutral
Excellent quality and fast delivery.	positive
The product is okay, nothing special.	neutral
Worst purchase I have ever made.	negative
The product is okay, nothing special.	neutral
Very bad experience, not happy at all.	negative
So happy with the service, totally satisfied.	positive
So happy with the service, totally satisfied.	positive
Excellent quality and fast delivery.	positive
Neither good nor bad, just neutral.	neutral
Not bad, but could be improved.	neutral
I hate this, completely useless.	negative
Not bad, but could be improved.	neutral
Very bad experience, not happy at all.	negative
I love this product, it works perfectly!	positive
This made my day, fantastic!	positive
I hate this, completely useless.	negative
The product is okay, nothing special.	neutral
Customer service was rude and unhelpful.	negative
Customer service was rude and unhelpful.	negative
It's fine, works as described.	neutral
Neither good nor bad, just neutral.	neutral
The product broke after one use, terrible quality.	negative
Excellent quality and fast delivery.	positive
Not bad, but could be improved.	neutral
I love this product, it works perfectly!	positive
So happy with the service, totally satisfied.	positive
This made my day, fantastic!	positive
It's fine, works as described.	neutral
So happy with the service, totally satisfied.	positive
The product broke after one use, terrible quality.	negative
Very bad experience, not happy at all.	negative
Very bad experience, not happy at all.	negative
This made my day, fantastic!	positive
I hate this, completely useless.	negative
I hate this, completely useless.	negative
The product broke after one use, terrible quality.	negative
Not bad, but could be improved.	neutral
The product broke after one use, terrible quality.	negative
Excellent quality and fast delivery.	positive
The product broke after one use, terrible quality.	negative
The product is okay, nothing special.	neutral
The product broke after one use, terrible quality.	negative
I love this product, it works perfectly!	positive
Customer service was rude and unhelpful.	negative
The product is okay, nothing special.	neutral
The product broke after one use, terrible quality.	negative
I hate this, completely useless.	negative
It's fine, works as described.	neutral
I hate this, completely useless.	negative
The product broke after one use, terrible quality.	negative
Worst purchase I have ever made.	negative
Average quality, expected better.	neutral
Neither good nor bad, just neutral.	neutral
It's fine, works as described.	neutral
Very bad experience, not happy at all.	negative
Worst purchase I have ever made.	negative
Very bad experience, not happy at all.	negative
The product broke after one use, terrible quality.	negative
Amazing experience, will definitely recommend.	positive
I love this product, it works perfectly!	positive
Not bad, but could be improved.	neutral
The product broke after one use, terrible quality.	negative
I hate this, completely useless.	negative
Customer service was rude and unhelpful.	negative
Excellent quality and fast delivery.	positive
Average quality, expected better.	neutral
Neither good nor bad, just neutral.	neutral
Not bad, but could be improved.	neutral
Average quality, expected better.	neutral
It's fine, works as described.	neutral
Customer service was rude and unhelpful.	negative
Neither good nor bad, just neutral.	neutral
The product is okay, nothing special.	neutral
Not bad, but could be improved.	neutral
Average quality, expected better.	neutral
Amazing experience, will definitely recommend.	positive
I love this product, it works perfectly!	positive
Customer service was rude and unhelpful.	negative
Customer service was rude and unhelpful.	negative
It's fine, works as described.	neutral
So happy with the service, totally satisfied.	positive
Amazing experience, will definitely recommend.	positive
This made my day, fantastic!	positive
This made my day, fantastic!	positive
The product is okay, nothing special.	neutral
Excellent quality and fast delivery.	positive
The product broke after one use, terrible quality.	negative
It's fine, works as described.	neutral
Worst purchase I have ever made.	negative
I hate this, completely useless.	negative
Amazing experience, will definitely recommend.	positive
The product broke after one use, terrible quality.	negative
This made my day, fantastic!	positive
Amazing experience, will definitely recommend.	positive
Excellent quality and fast delivery.	positive
Very bad experience, not happy at all.	negative
Not bad, but could be improved.	neutral
The product broke after one use, terrible quality.	negative
I hate this, completely useless.	negative
Average quality, expected better.	neutral
I love this product, it works perfectly!	positive
I hate this, completely useless.	negative
The product is okay, nothing special.	neutral
The product is okay, nothing special.	neutral
Very bad experience, not happy at all.	negative
So happy with the service, totally satisfied.	positive
Not bad, but could be improved.	neutral
Customer service was rude and unhelpful.	negative
Not bad, but could be improved.	neutral
I hate this, completely useless.	negative
I hate this, completely useless.	negative
The product is okay, nothing special.	neutral
Not bad, but could be improved.	neutral
The product is okay, nothing special.	neutral
Amazing experience, will definitely recommend.	positive
The product broke after one use, terrible quality.	negative
I love this product, it works perfectly!	positive
Neither good nor bad, just neutral.	neutral
Very bad experience, not happy at all.	negative
The product is okay, nothing special.	neutral
The product is okay, nothing special.	neutral
Not bad, but could be improved.	neutral
It's fine, works as described.	neutral
Amazing experience, will definitely recommend.	positive
Very bad experience, not happy at all.	negative
I love this product, it works perfectly!	positive
Worst purchase I have ever made.	negative
I hate this, completely useless.	negative
Very bad experience, not happy at all.	negative
The product is okay, nothing special.	neutral
So happy with the service, totally satisfied.	positive
Not bad, but could be improved.	neutral
Very bad experience, not happy at all.	negative
Amazing experience, will definitely recommend.	positive
Average quality, expected better.	neutral
Excellent quality and fast delivery.	positive
The product broke after one use, terrible quality.	negative
Worst purchase I have ever made.	negative
The product broke after one use, terrible quality.	negative
So happy with the service, totally satisfied.	positive
It's fine, works as described.	neutral
Average quality, expected better.	neutral
Customer service was rude and unhelpful.	negative
Excellent quality and fast delivery.	positive
The product broke after one use, terrible quality.	negative
Customer service was rude and unhelpful.	negative
Excellent quality and fast delivery.	positive
So happy with the service, totally satisfied.	positive
Worst purchase I have ever made.	negative
So happy with the service, totally satisfied.	positive
Not bad, but could be improved.	neutral
Neither good nor bad, just neutral.	neutral
Average quality, expected better.	neutral
I love this product, it works perfectly!	positive
Not bad, but could be improved.	neutral
The product is okay, nothing special.	neutral
Customer service was rude and unhelpful.	negative
I love this product, it works perfectly!	positive
Worst purchase I have ever made.	negative
Worst purchase I have ever made.	negative
Very bad experience, not happy at all.	negative
Not bad, but could be improved.	neutral
The product is okay, nothing special.	neutral
Average quality, expected better.	neutral
The product broke after one use, terrible quality.	negative
The product is okay, nothing special.	neutral
Customer service was rude and unhelpful.	negative
Amazing experience, will definitely recommend.	positive
Excellent quality and fast delivery.	positive
The product is okay, nothing special.	neutral
This made my day, fantastic!	positive
It's fine, works as described.	neutral
Neither good nor bad, just neutral.	neutral
The product broke after one use, terrible quality.	negative
So happy with the service, totally satisfied.	positive
It's fine, works as described.	neutral
Neither good nor bad, just neutral.	neutral
I hate this, completely useless.	negative
The product broke after one use, terrible quality.	negative
Very bad experience, not happy at all.	negative
I hate this, completely useless.	negative
Not bad, but could be improved.	neutral
The product is okay, nothing special.	neutral
Neither good nor bad, just neutral.	neutral
Not bad, but could be improved.	neutral
I hate this, completely useless.	negative
I love this product, it works perfectly!	positive
Worst purchase I have ever made.	negative
Average quality, expected better.	neutral
Not bad, but could be improved.	neutral
Neither good nor bad, just neutral.	neutral
It's fine, works as described.	neutral
It's fine, works as described.	neutral
Not bad, but could be improved.	neutral
Worst purchase I have ever made.	negative
It's fine, works as described.	neutral
Amazing experience, will definitely recommend.	positive
I love this product, it works perfectly!	positive
Neither good nor bad, just neutral.	neutral
It's fine, works as described.	neutral
It's fine, works as described.	neutral
Not bad, but could be improved.	neutral
I hate this, completely useless.	negative
The product is okay, nothing special.	neutral
I hate this, completely useless.	negative
Worst purchase I have ever made.	negative
Excellent quality and fast delivery.	positive
The product is okay, nothing special.	neutral
Worst purchase I have ever made.	negative
I love this product, it works perfectly!	positive
Very bad experience, not happy at all.	negative
Amazing experience, will definitely recommend.	positive
Neither good nor bad, just neutral.	neutral
Amazing experience, will definitely recommend.	positive
Very bad experience, not happy at all.	negative
It's fine, works as described.	neutral
It's fine, works as described.	neutral
So happy with the service, totally satisfied.	positive
The product is okay, nothing special.	neutral
This made my day, fantastic!	positive
This made my day, fantastic!	positive
Average quality, expected better.	neutral
Average quality, expected better.	neutral
Average quality, expected better.	neutral
Average quality, expected better.	neutral
I hate this, completely useless.	negative
Neither good nor bad, just neutral.	neutral
I love this product, it works perfectly!	positive
The product is okay, nothing special.	neutral
Customer service was rude and unhelpful.	negative
I love this product, it works perfectly!	positive
Not bad, but could be improved.	neutral
Customer service was rude and unhelpful.	negative
So happy with the service, totally satisfied.	positive
Excellent quality and fast delivery.	positive
Average quality, expected better.	neutral
Amazing experience, will definitely recommend.	positive
It's fine, works as described.	neutral
Worst purchase I have ever made.	negative
The product is okay, nothing special.	neutral
The product broke after one use, terrible quality.	negative
Neither good nor bad, just neutral.	neutral
The product broke after one use, terrible quality.	negative
The product broke after one use, terrible quality.	negative
Customer service was rude and unhelpful.	negative
The product is okay, nothing special.	neutral
Customer service was rude and unhelpful.	negative
I love this product, it works perfectly!	positive
Excellent quality and fast delivery.	positive
Amazing experience, will definitely recommend.	positive
The product broke after one use, terrible quality.	negative
Excellent quality and fast delivery.	positive
Not bad, but could be improved.	neutral
It's fine, works as described.	neutral
I hate this, completely useless.	negative
Amazing experience, will definitely recommend.	positive
The product is okay, nothing special.	neutral
So happy with the service, totally satisfied.	positive
I hate this, completely useless.	negative
The product is okay, nothing special.	neutral
Amazing experience, will definitely recommend.	positive
I love this product, it works perfectly!	positive
This made my day, fantastic!	positive
It's fine, works as described.	neutral
It's fine, works as described.	neutral
Excellent quality and fast delivery.	positive
It's fine, works as described.	neutral
The product is okay, nothing special.	neutral
Not bad, but could be improved.	neutral
I love this product, it works perfectly!	positive
This made my day, fantastic!	positive
Neither good nor bad, just neutral.	neutral
So happy with the service, totally satisfied.	positive
Not bad, but could be improved.	neutral
Excellent quality and fast delivery.	positive
Customer service was rude and unhelpful.	negative
Very bad experience, not happy at all.	negative
Customer service was rude and unhelpful.	negative
Excellent quality and fast delivery.	positive
Amazing experience, will definitely recommend.	positive
The product broke after one use, terrible quality.	negative
The product is okay, nothing special.	neutral
It's fine, works as described.	neutral
I hate this, completely useless.	negative
The product broke after one use, terrible quality.	negative
Worst purchase I have ever made.	negative
Very bad experience, not happy at all.	negative
Excellent quality and fast delivery.	positive
Customer service was rude and unhelpful.	negative
The product broke after one use, terrible quality.	negative
This made my day, fantastic!	positive
I love this product, it works perfectly!	positive
Customer service was rude and unhelpful.	negative
The product is okay, nothing special.	neutral
Average quality, expected better.	neutral
Excellent quality and fast delivery.	positive
I hate this, completely useless.	negative
Worst purchase I have ever made.	negative
This made my day, fantastic!	positive
Very bad experience, not happy at all.	negative
Excellent quality and fast delivery.	positive
The product broke after one use, terrible quality.	negative
The product is okay, nothing special.	neutral
Neither good nor bad, just neutral.	neutral
Not bad, but could be improved.	neutral
Amazing experience, will definitely recommend.	positive
Neither good nor bad, just neutral.	neutral
I hate this, completely useless.	negative
I love this product, it works perfectly!	positive
The product broke after one use, terrible quality.	negative
Average quality, expected better.	neutral
It's fine, works as described.	neutral
Average quality, expected better.	neutral
So happy with the service, totally satisfied.	positive
Neither good nor bad, just neutral.	neutral
Excellent quality and fast delivery.	positive
Excellent quality and fast delivery.	positive
Customer service was rude and unhelpful.	negative
Neither good nor bad, just neutral.	neutral
Customer service was rude and unhelpful.	negative
The product broke after one use, terrible quality.	negative
The product is okay, nothing special.	neutral
Customer service was rude and unhelpful.	negative
Customer service was rude and unhelpful.	negative
Worst purchase I have ever made.	negative
I hate this, completely useless.	negative
Very bad experience, not happy at all.	negative
Worst purchase I have ever made.	negative
It's fine, works as described.	neutral
The product is okay, nothing special.	neutral
The product is okay, nothing special.	neutral
It's fine, works as described.	neutral
The product broke after one use, terrible quality.	negative
It's fine, works as described.	neutral
Worst purchase I have ever made.	negative
Amazing experience, will definitely recommend.	positive
It's fine, works as described.	neutral
This made my day, fantastic!	positive
Very bad experience, not happy at all.	negative
Very bad experience, not happy at all.	negative
So happy with the service, totally satisfied.	positive
Very bad experience, not happy at all.	negative
Average quality, expected better.	neutral
The product is okay, nothing special.	neutral
So happy with the service, totally satisfied.	positive
Amazing experience, will definitely recommend.	positive
Worst purchase I have ever made.	negative
Not bad, but could be improved.	neutral
I love this product, it works perfectly!	positive
This made my day, fantastic!	positive
Neither good nor bad, just neutral.	neutral
The product is okay, nothing special.	neutral
This made my day, fantastic!	positive
It's fine, works as described.	neutral
Not bad, but could be improved.	neutral
I love this product, it works perfectly!	positive
It's fine, works as described.	neutral
Neither good nor bad, just neutral.	neutral
It's fine, works as described.	neutral
Excellent quality and fast delivery.	positive
Excellent quality and fast delivery.	positive
Customer service was rude and unhelpful.	negative
It's fine, works as described.	neutral
Worst purchase I have ever made.	negative
Customer service was rude and unhelpful.	negative
Amazing experience, will definitely recommend.	positive
I love this product, it works perfectly!	positive
This made my day, fantastic!	positive
Worst purchase I have ever made.	negative
Not bad, but could be improved.	neutral
Average quality, expected better.	neutral
I love this product, it works perfectly!	positive
The product broke after one use, terrible quality.	negative
Neither good nor bad, just neutral.	neutral
This made my day, fantastic!	positive
It's fine, works as described.	neutral
Customer service was rude and unhelpful.	negative
Worst purchase I have ever made.	negative
Neither good nor bad, just neutral.	neutral
Neither good nor bad, just neutral.	neutral
Customer service was rude and unhelpful.	negative
Excellent quality and fast delivery.	positive
It's fine, works as described.	neutral
Neither good nor bad, just neutral.	neutral
Worst purchase I have ever made.	negative
The product broke after one use, terrible quality.	negative
I love this product, it works perfectly!	positive
This made my day, fantastic!	positive
So happy with the service, totally satisfied.	positive
Amazing experience, will definitely recommend.	positive
Neither good nor bad, just neutral.	neutral
This made my day, fantastic!	positive
Very bad experience, not happy at all.	negative
Amazing experience, will definitely recommend.	positive
I love this product, it works perfectly!	positive
I love this product, it works perfectly!	positive
It's fine, works as described.	neutral
This made my day, fantastic!	positive
Average quality, expected better.	neutral
Worst purchase I have ever made.	negative
Average quality, expected better.	neutral
So happy with the service, totally satisfied.	positive
The product is okay, nothing special.	neutral
The product is okay, nothing special.	neutral
Worst purchase I have ever made.	negative
Worst purchase I have ever made.	negative
The product broke after one use, terrible quality.	negative
This made my day, fantastic!	positive
Customer service was rude and unhelpful.	negative
So happy with the service, totally satisfied.	positive
Amazing experience, will definitely recommend.	positive
I love this product, it works perfectly!	positive
The product broke after one use, terrible quality.	negative
Worst purchase I have ever made.	negative
Excellent quality and fast delivery.	positive
The product broke after one use, terrible quality.	negative
I hate this, completely useless.	negative
I love this product, it works perfectly!	positive
It's fine, works as described.	neutral
Customer service was rude and unhelpful.	negative
I love this product, it works perfectly!	positive
This made my day, fantastic!	positive
This made my day, fantastic!	positive
This made my day, fantastic!	positive
Average quality, expected better.	neutral
The product broke after one use, terrible quality.	negative
This made my day, fantastic!	positive
So happy with the service, totally satisfied.	positive
I hate this, completely useless.	negative
The product broke after one use, terrible quality.	negative
Neither good nor bad, just neutral.	neutral
Customer service was rude and unhelpful.	negative
Amazing experience, will definitely recommend.	positive
The product broke after one use, terrible quality.	negative
Amazing experience, will definitely recommend.	positive
The product is okay, nothing special.	neutral
Amazing experience, will definitely recommend.	positive
The product is okay, nothing special.	neutral
Excellent quality and fast delivery.	positive
Very bad experience, not happy at all.	negative
Excellent quality and fast delivery.	positive
Average quality, expected better.	neutral
Neither good nor bad, just neutral.	neutral
The product is okay, nothing special.	neutral
It's fine, works as described.	neutral
I hate this, completely useless.	negative
I hate this, completely useless.	negative
Very bad experience, not happy at all.	negative
I love this product, it works perfectly!	positive
This made my day, fantastic!	positive
Customer service was rude and unhelpful.	negative
It's fine, works as described.	neutral
Very bad experience, not happy at all.	negative
I hate this, completely useless.	negative
Neither good nor bad, just neutral.	neutral
Neither good nor bad, just neutral.	neutral
Excellent quality and fast delivery.	positive
The product broke after one use, terrible quality.	negative
I love this product, it works perfectly!	positive
Worst purchase I have ever made.	negative
The product broke after one use, terrible quality.	negative
Very bad experience, not happy at all.	negative
The product is okay, nothing special.	neutral
The product is okay, nothing special.	neutral
The product broke after one use, terrible quality.	negative
Customer service was rude and unhelpful.	negative
So happy with the service, totally satisfied.	positive
I love this product, it works perfectly!	positive
So happy with the service, totally satisfied.	positive
Very bad experience, not happy at all.	negative
I love this product, it works perfectly!	positive
Average quality, expected better.	neutral
Amazing experience, will definitely recommend.	positive
The product is okay, nothing special.	neutral
Average quality, expected better.	neutral
It's fine, works as described.	neutral
Amazing experience, will definitely recommend.	positive
Worst purchase I have ever made.	negative
Very bad experience, not happy at all.	negative
Average quality, expected better.	neutral
Not bad, but could be improved.	neutral
Excellent quality and fast delivery.	positive
Very bad experience, not happy at all.	negative
I love this product, it works perfectly!	positive
Neither good nor bad, just neutral.	neutral
The product broke after one use, terrible quality.	negative
Amazing experience, will definitely recommend.	positive
Excellent quality and fast delivery.	positive
The product is okay, nothing special.	neutral
Not bad, but could be improved.	neutral
Not bad, but could be improved.	neutral
The product is okay, nothing special.	neutral
Worst purchase I have ever made.	negative
I hate this, completely useless.	negative
The product is okay, nothing special.	neutral
I hate this, completely useless.	negative
Neither good nor bad, just neutral.	neutral
Worst purchase I have ever made.	negative
It's fine, works as described.	neutral
Not bad, but could be improved.	neutral
Very bad experience, not happy at all.	negative
The product is okay, nothing special.	neutral
Worst purchase I have ever made.	negative
The product is okay, nothing special.	neutral
So happy with the service, totally satisfied.	positive
I love this product, it works perfectly!	positive
Not bad, but could be improved.	neutral
I love this product, it works perfectly!	positive
It's fine, works as described.	neutral
Customer service was rude and unhelpful.	negative
So happy with the service, totally satisfied.	positive
The product is okay, nothing special.	neutral
Neither good nor bad, just neutral.	neutral
So happy with the service, totally satisfied.	positive
Very bad experience, not happy at all.	negative
This made my day, fantastic!	positive
Very bad experience, not happy at all.	negative
The product is okay, nothing special.	neutral
Customer service was rude and unhelpful.	negative
It's fine, works as described.	neutral
Not bad, but could be improved.	neutral
Excellent quality and fast delivery.	positive
This made my day, fantastic!	positive
So happy with the service, totally satisfied.	positive
Worst purchase I have ever made.	negative
The product broke after one use, terrible quality.	negative
Neither good nor bad, just neutral.	neutral
Customer service was rude and unhelpful.	negative
Amazing experience, will definitely recommend.	positive
Amazing experience, will definitely recommend.	positive
Very bad experience, not happy at all.	negative
I love this product, it works perfectly!	positive
The product is okay, nothing special.	neutral
Amazing experience, will definitely recommend.	positive
I hate this, completely useless.	negative
I hate this, completely useless.	negative
I love this product, it works perfectly!	positive
The product broke after one use, terrible quality.	negative
Very bad experience, not happy at all.	negative
Worst purchase I have ever made.	negative
So happy with the service, totally satisfied.	positive
Customer service was rude and unhelpful.	negative
Average quality, expected better.	neutral
So happy with the service, totally satisfied.	positive
The product broke after one use, terrible quality.	negative
Very bad experience, not happy at all.	negative
This made my day, fantastic!	positive
Neither good nor bad, just neutral.	neutral
Not bad, but could be improved.	neutral
I hate this, completely useless.	negative
Worst purchase I have ever made.	negative
I love this product, it works perfectly!	positive
This made my day, fantastic!	positive
Very bad experience, not happy at all.	negative
Amazing experience, will definitely recommend.	positive
Average quality, expected better.	neutral
I love this product, it works perfectly!	positive
Worst purchase I have ever made.	negative
I love this product, it works perfectly!	positive
Amazing experience, will definitely recommend.	positive
The product is okay, nothing special.	neutral
I hate this, completely useless.	negative
So happy with the service, totally satisfied.	positive
Average quality, expected better.	neutral
This made my day, fantastic!	positive
Amazing experience, will definitely recommend.	positive
Not bad, but could be improved.	neutral
Neither good nor bad, just neutral.	neutral
Excellent quality and fast delivery.	positive
Average quality, expected better.	neutral
This made my day, fantastic!	positive
Worst purchase I have ever made.	negative
The product is okay, nothing special.	neutral
Average quality, expected better.	neutral
I hate this, completely useless.	negative
Worst purchase I have ever made.	negative
The product broke after one use, terrible quality.	negative
The product broke after one use, terrible quality.	negative
I love this product, it works perfectly!	positive
Not bad, but could be improved.	neutral
It's fine, works as described.	neutral
This made my day, fantastic!	positive
Excellent quality and fast delivery.	positive
I hate this, completely useless.	negative
Customer service was rude and unhelpful.	negative
Very bad experience, not happy at all.	negative
The product broke after one use, terrible quality.	negative
Very bad experience, not happy at all.	negative
It's fine, works as described.	neutral
Neither good nor bad, just neutral.	neutral
So happy with the service, totally satisfied.	positive
Very bad experience, not happy at all.	negative
This made my day, fantastic!	positive
I love this product, it works perfectly!	positive
The product is okay, nothing special.	neutral
I love this product, it works perfectly!	positive
Very bad experience, not happy at all.	negative
Worst purchase I have ever made.	negative
The product is okay, nothing special.	neutral
Not bad, but could be improved.	neutral
Amazing experience, will definitely recommend.	positive
Neither good nor bad, just neutral.	neutral
The product is okay, nothing special.	neutral
Neither good nor bad, just neutral.	neutral
The product broke after one use, terrible quality.	negative
Very bad experience, not happy at all.	negative
Amazing experience, will definitely recommend.	positive
This made my day, fantastic!	positive
Customer service was rude and unhelpful.	negative
Average quality, expected better.	neutral
I hate this, completely useless.	negative
Very bad experience, not happy at all.	negative
I hate this, completely useless.	negative
Worst purchase I have ever made.	negative
It's fine, works as described.	neutral
The product broke after one use, terrible quality.	negative
I love this product, it works perfectly!	positive
Very bad experience, not happy at all.	negative
Amazing experience, will definitely recommend.	positive
I hate this, completely useless.	negative
Neither good nor bad, just neutral.	neutral
Amazing experience, will definitely recommend.	positive
So happy with the service, totally satisfied.	positive
This made my day, fantastic!	positive
Neither good nor bad, just neutral.	neutral
I hate this, completely useless.	negative
The product broke after one use, terrible quality.	negative
I love this product, it works perfectly!	positive
I hate this, completely useless.	negative
Not bad, but could be improved.	neutral
Excellent quality and fast delivery.	positive
The product is okay, nothing special.	neutral
So happy with the service, totally satisfied.	positive
Very bad experience, not happy at all.	negative
The product broke after one use, terrible quality.	negative
It's fine, works as described.	neutral
I hate this, completely useless.	negative
Worst purchase I have ever made.	negative
I hate this, completely useless.	negative
I love this product, it works perfectly!	positive
The product broke after one use, terrible quality.	negative
Customer service was rude and unhelpful.	negative
It's fine, works as described.	neutral
Neither good nor bad, just neutral.	neutral
This made my day, fantastic!	positive
Worst purchase I have ever made.	negative
This made my day, fantastic!	positive
This made my day, fantastic!	positive
Excellent quality and fast delivery.	positive
The product is okay, nothing special.	neutral
It's fine, works as described.	neutral
Excellent quality and fast delivery.	positive
I hate this, completely useless.	negative
Very bad experience, not happy at all.	negative
The product is okay, nothing special.	neutral
Customer service was rude and unhelpful.	negative
This made my day, fantastic!	positive
I love this product, it works perfectly!	positive
Excellent quality and fast delivery.	positive
Customer service was rude and unhelpful.	negative
The product is okay, nothing special.	neutral
Customer service was rude and unhelpful.	negative
Worst purchase I have ever made.	negative
Customer service was rude and unhelpful.	negative
So happy with the service, totally satisfied.	positive
Average quality, expected better.	neutral
Not bad, but could be improved.	neutral
The product broke after one use, terrible quality.	negative
The product broke after one use, terrible quality.	negative
Amazing experience, will definitely recommend.	positive
Customer service was rude and unhelpful.	negative
Worst purchase I have ever made.	negative
Not bad, but could be improved.	neutral
The product is okay, nothing special.	neutral
Worst purchase I have ever made.	negative
I hate this, completely useless.	negative
The product is okay, nothing special.	neutral
Not bad, but could be improved.	neutral
Worst purchase I have ever made.	negative
The product is okay, nothing special.	neutral
I hate this, completely useless.	negative
Very bad experience, not happy at all.	negative
The product broke after one use, terrible quality.	negative
Average quality, expected better.	neutral
I hate this, completely useless.	negative
Customer service was rude and unhelpful.	negative
So happy with the service, totally satisfied.	positive
Worst purchase I have ever made.	negative
Amazing experience, will definitely recommend.	positive
Average quality, expected better.	neutral
Excellent quality and fast delivery.	positive
Worst purchase I have ever made.	negative
Excellent quality and fast delivery.	positive
Amazing experience, will definitely recommend.	positive
Excellent quality and fast delivery.	positive
Not bad, but could be improved.	neutral
Amazing experience, will definitely recommend.	positive
Excellent quality and fast delivery.	positive
The product broke after one use, terrible quality.	negative
The product broke after one use, terrible quality.	negative
The product broke after one use, terrible quality.	negative
So happy with the service, totally satisfied.	positive
I love this product, it works perfectly!	positive
I love this product, it works perfectly!	positive
I hate this, completely useless.	negative
Worst purchase I have ever made.	negative
So happy with the service, totally satisfied.	positive
Amazing experience, will definitely recommend.	positive
It's fine, works as described.	neutral
I hate this, completely useless.	negative
Not bad, but could be improved.	neutral
Not bad, but could be improved.	neutral
Customer service was rude and unhelpful.	negative
I love this product, it works perfectly!	positive
The product broke after one use, terrible quality.	negative
Amazing experience, will definitely recommend.	positive
Customer service was rude and unhelpful.	negative
So happy with the service, totally satisfied.	positive
The product is okay, nothing special.	neutral
Average quality, expected better.	neutral
Neither good nor bad, just neutral.	neutral
This made my day, fantastic!	positive
The product is okay, nothing special.	neutral
So happy with the service, totally satisfied.	positive
Customer service was rude and unhelpful.	negative
I hate this, completely useless.	negative
It's fine, works as described.	neutral
Worst purchase I have ever made.	negative
Amazing experience, will definitely recommend.	positive
Very bad experience, not happy at all.	negative
This made my day, fantastic!	positive
I hate this, completely useless.	negative
The product broke after one use, terrible quality.	negative
Customer service was rude and unhelpful.	negative
This made my day, fantastic!	positive
Average quality, expected better.	neutral
This made my day, fantastic!	positive
I love this product, it works perfectly!	positive
Customer service was rude and unhelpful.	negative
This made my day, fantastic!	positive
I hate this, completely useless.	negative
Not bad, but could be improved.	neutral
Neither good nor bad, just neutral.	neutral
Neither good nor bad, just neutral.	neutral
The product is okay, nothing special.	neutral
Customer service was rude and unhelpful.	negative
Very bad experience, not happy at all.	negative
The product broke after one use, terrible quality.	negative
Customer service was rude and unhelpful.	negative
The product broke after one use, terrible quality.	negative
The product is okay, nothing special.	neutral
So happy with the service, totally satisfied.	positive
This made my day, fantastic!	positive
I love this product, it works perfectly!	positive
Very bad experience, not happy at all.	negative
Worst purchase I have ever made.	negative
Worst purchase I have ever made.	negative
Neither good nor bad, just neutral.	neutral
Average quality, expected better.	neutral
It's fine, works as described.	neutral
This made my day, fantastic!	positive
Amazing experience, will definitely recommend.	positive
So happy with the service, totally satisfied.	positive
Average quality, expected better.	neutral
Worst purchase I have ever made.	negative
Amazing experience, will definitely recommend.	positive
Excellent quality and fast delivery.	positive
Customer service was rude and unhelpful.	negative
The product is okay, nothing special.	neutral
Neither good nor bad, just neutral.	neutral
I love this product, it works perfectly!	positive
The product broke after one use, terrible quality.	negative
The product is okay, nothing special.	neutral
Not bad, but could be improved.	neutral
Not bad, but could be improved.	neutral
I love this product, it works perfectly!	positive
The product is okay, nothing special.	neutral
I love this product, it works perfectly!	positive
Not bad, but could be improved.	neutral
Neither good nor bad, just neutral.	neutral
The product is okay, nothing special.	neutral
It's fine, works as described.	neutral
Average quality, expected better.	neutral
Not bad, but could be improved.	neutral
Amazing experience, will definitely recommend.	positive
Excellent quality and fast delivery.	positive
This made my day, fantastic!	positive
Amazing experience, will definitely recommend.	positive
Very bad experience, not happy at all.	negative
The product is okay, nothing special.	neutral
I hate this, completely useless.	negative
I hate this, completely useless.	negative
It's fine, works as described.	neutral
Not bad, but could be improved.	neutral
This made my day, fantastic!	positive
Excellent quality and fast delivery.	positive
Worst purchase I have ever made.	negative
This made my day, fantastic!	positive
Very bad experience, not happy at all.	negative
This made my day, fantastic!	positive
Not bad, but could be improved.	neutral
Very bad experience, not happy at all.	negative
Customer service was rude and unhelpful.	negative
The product is okay, nothing special.	neutral
Neither good nor bad, just neutral.	neutral
Average quality, expected better.	neutral
Not bad, but could be improved.	neutral
The product is okay, nothing special.	neutral
It's fine, works as described.	neutral
I hate this, completely useless.	negative
Excellent quality and fast delivery.	positive
Worst purchase I have ever made.	negative
This made my day, fantastic!	positive
The product is okay, nothing special.	neutral
Not bad, but could be improved.	neutral
Very bad experience, not happy at all.	negative
Customer service was rude and unhelpful.	negative
So happy with the service, totally satisfied.	positive
Very bad experience, not happy at all.	negative
Neither good nor bad, just neutral.	neutral
Amazing experience, will definitely recommend.	positive
Excellent quality and fast delivery.	positive
Very bad experience, not happy at all.	negative
It's fine, works as described.	neutral
I hate this, completely useless.	negative
Not bad, but could be improved.	neutral
Neither good nor bad, just neutral.	neutral
Not bad, but could be improved.	neutral
Average quality, expected better.	neutral
Neither good nor bad, just neutral.	neutral
Amazing experience, will definitely recommend.	positive
Amazing experience, will definitely recommend.	positive
It's fine, works as described.	neutral
Amazing experience, will definitely recommend.	positive
It's fine, works as described.	neutral
Average quality, expected better.	neutral
Very bad experience, not happy at all.	negative
I hate this, completely useless.	negative
This made my day, fantastic!	positive
I love this product, it works perfectly!	positive
Worst purchase I have ever made.	negative
So happy with the service, totally satisfied.	positive
So happy with the service, totally satisfied.	positive
So happy with the service, totally satisfied.	positive
Neither good nor bad, just neutral.	neutral
Very bad experience, not happy at all.	negative
Customer service was rude and unhelpful.	negative
This made my day, fantastic!	positive
The product is okay, nothing special.	neutral
Very bad experience, not happy at all.	negative
I love this product, it works perfectly!	positive
This made my day, fantastic!	positive
This made my day, fantastic!	positive
So happy with the service, totally satisfied.	positive
Neither good nor bad, just neutral.	neutral
Worst purchase I have ever made.	negative
Average quality, expected better.	neutral
It's fine, works as described.	neutral
Excellent quality and fast delivery.	positive
It's fine, works as described.	neutral
Amazing experience, will definitely recommend.	positive
So happy with the service, totally satisfied.	positive
So happy with the service, totally satisfied.	positive
Customer service was rude and unhelpful.	negative
This made my day, fantastic!	positive
Very bad experience, not happy at all.	negative
Very bad experience, not happy at all.	negative
Amazing experience, will definitely recommend.	positive
Worst purchase I have ever made.	negative
Not bad, but could be improved.	neutral
Customer service was rude and unhelpful.	negative
Average quality, expected better.	neutral
The product broke after one use, terrible quality.	negative
Neither good nor bad, just neutral.	neutral
Amazing experience, will definitely recommend.	positive
Customer service was rude and unhelpful.	negative
I love this product, it works perfectly!	positive
Very bad experience, not happy at all.	negative
Not bad, but could be improved.	neutral
Very bad experience, not happy at all.	negative
So happy with the service, totally satisfied.	positive
Customer service was rude and unhelpful.	negative
It's fine, works as described.	neutral
Excellent quality and fast delivery.	positive
I hate this, completely useless.	negative
So happy with the service, totally satisfied.	positive
I hate this, completely useless.	negative
Excellent quality and fast delivery.	positive
Not bad, but could be improved.	neutral
I love this product, it works perfectly!	positive
Worst purchase I have ever made.	negative
So happy with the service, totally satisfied.	positive
Customer service was rude and unhelpful.	negative
The product is okay, nothing special.	neutral
Neither good nor bad, just neutral.	neutral
I hate this, completely useless.	negative
Not bad, but could be improved.	neutral
Customer service was rude and unhelpful.	negative
Amazing experience, will definitely recommend.	positive
Customer service was rude and unhelpful.	negative
Customer service was rude and unhelpful.	negative
Average quality, expected better.	neutral
Neither good nor bad, just neutral.	neutral
Very bad experience, not happy at all.	negative
It's fine, works as described.	neutral
Customer service was rude and unhelpful.	negative
Average quality, expected better.	neutral
I hate this, completely useless.	negative
Very bad experience, not happy at all.	negative
So happy with the service, totally satisfied.	positive
Amazing experience, will definitely recommend.	positive
Amazing experience, will definitely recommend.	positive
Amazing experience, will definitely recommend.	positive
Average quality, expected better.	neutral
I love this product, it works perfectly!	positive
Worst purchase I have ever made.	negative
It's fine, works as described.	neutral
It's fine, works as described.	neutral
Customer service was rude and unhelpful.	negative
Not bad, but could be improved.	neutral
So happy with the service, totally satisfied.	positive
Worst purchase I have ever made.	negative
I hate this, completely useless.	negative
Amazing experience, will definitely recommend.	positive
Average quality, expected better.	neutral
It's fine, works as described.	neutral
Neither good nor bad, just neutral.	neutral
It's fine, works as described.	neutral
It's fine, works as described.	neutral
So happy with the service, totally satisfied.	positive
So happy with the service, totally satisfied.	positive
Average quality, expected better.	neutral
Excellent quality and fast delivery.	positive
So happy with the service, totally satisfied.	positive
I love this product, it works perfectly!	positive
The product broke after one use, terrible quality.	negative
So happy with the service, totally satisfied.	positive
Worst purchase I have ever made.	negative
It's fine, works as described.	neutral
I hate this, completely useless.	negative
This made my day, fantastic!	positive
Very bad experience, not happy at all.	negative
So happy with the service, totally satisfied.	positive
It's fine, works as described.	neutral
Neither good nor bad, just neutral.	neutral
So happy with the service, totally satisfied.	positive
I hate this, completely useless.	negative
I love this product, it works perfectly!	positive
I hate this, completely useless.	negative
Customer service was rude and unhelpful.	negative
Not bad, but could be improved.	neutral
Excellent quality and fast delivery.	positive
This made my day, fantastic!	positive
Customer service was rude and unhelpful.	negative
The product broke after one use, terrible quality.	negative
Worst purchase I have ever made.	negative
Not bad, but could be improved.	neutral
Excellent quality and fast delivery.	positive
I hate this, completely useless.	negative
So happy with the service, totally satisfied.	positive
I love this product, it works perfectly!	positive
Excellent quality and fast delivery.	positive
Average quality, expected better.	neutral
I love this product, it works perfectly!	positive
Worst purchase I have ever made.	negative
I love this product, it works perfectly!	positive
Neither good nor bad, just neutral.	neutral
Worst purchase I have ever made.	negative
Neither good nor bad, just neutral.	neutral
The product is okay, nothing special.	neutral
The product broke after one use, terrible quality.	negative
I love this product, it works perfectly!	positive
Amazing experience, will definitely recommend.	positive
Average quality, expected better.	neutral
The product broke after one use, terrible quality.	negative
I hate this, completely useless.	negative
This made my day, fantastic!	positive
Very bad experience, not happy at all.	negative
Excellent quality and fast delivery.	positive
Average quality, expected better.	neutral
Not bad, but could be improved.	neutral
Customer service was rude and unhelpful.	negative
The product is okay, nothing special.	neutral
Not bad, but could be improved.	neutral
The product is okay, nothing special.	neutral
Excellent quality and fast delivery.	positive
Average quality, expected better.	neutral
So happy with the service, totally satisfied.	positive
Worst purchase I have ever made.	negative
Excellent quality and fast delivery.	positive
Very bad experience, not happy at all.	negative
The product is okay, nothing special.	neutral
Worst purchase I have ever made.	negative
I love this product, it works perfectly!	positive
Neither good nor bad, just neutral.	neutral
Worst purchase I have ever made.	negative
The product is okay, nothing special.	neutral
Excellent quality and fast delivery.	positive
Not bad, but could be improved.	neutral
I hate this, completely useless.	negative
Not bad, but could be improved.	neutral
Average quality, expected better.	neutral
Excellent quality and fast delivery.	positive
Amazing experience, will definitely recommend.	positive
Worst purchase I have ever made.	negative
Customer service was rude and unhelpful.	negative
Customer service was rude and unhelpful.	negative
This made my day, fantastic!	positive
So happy with the service, totally satisfied.	positive
Average quality, expected better.	neutral
The product broke after one use, terrible quality.	negative
So happy with the service, totally satisfied.	positive
Neither good nor bad, just neutral.	neutral
The product is okay, nothing special.	neutral
Average quality, expected better.	neutral
I hate this, completely useless.	negative
Worst purchase I have ever made.	negative
Average quality, expected better.	neutral
Neither good nor bad, just neutral.	neutral
I hate this, completely useless.	negative
It's fine, works as described.	neutral
Not bad, but could be improved.	neutral
Worst purchase I have ever made.	negative
Amazing experience, will definitely recommend.	positive
Not bad, but could be improved.	neutral
Worst purchase I have ever made.	negative
I hate this, completely useless.	negative
I love this product, it works perfectly!	positive
Customer service was rude and unhelpful.	negative
Excellent quality and fast delivery.	positive
Very bad experience, not happy at all.	negative
This made my day, fantastic!	positive
Amazing experience, will definitely recommend.	positive
The product is okay, nothing special.	neutral
Not bad, but could be improved.	neutral
Not bad, but could be improved.	neutral
The product is okay, nothing special.	neutral
The product is okay, nothing special.	neutral
The product broke after one use, terrible quality.	negative
Worst purchase I have ever made.	negative
I love this product, it works perfectly!	positive
The product broke after one use, terrible quality.	negative
Customer service was rude and unhelpful.	negative
Worst purchase I have ever made.	negative
Customer service was rude and unhelpful.	negative
Amazing experience, will definitely recommend.	positive
It's fine, works as described.	neutral
I hate this, completely useless.	negative
Very bad experience, not happy at all.	negative
It's fine, works as described.	neutral
I hate this, completely useless.	negative
Excellent quality and fast delivery.	positive
Not bad, but could be improved.	neutral
Average quality, expected better.	neutral
Very bad experience, not happy at all.	negative
This made my day, fantastic!	positive
Amazing experience, will definitely recommend.	positive
Average quality, expected better.	neutral
I hate this, completely useless.	negative
Worst purchase I have ever made.	negative
I love this product, it works perfectly!	positive
Not bad, but could be improved.	neutral
The product is okay, nothing special.	neutral
Worst purchase I have ever made.	negative
Neither good nor bad, just neutral.	neutral
Neither good nor bad, just neutral.	neutral
I love this product, it works perfectly!	positive
The product is okay, nothing special.	neutral
This made my day, fantastic!	positive
I hate this, completely useless.	negative
Amazing experience, will definitely recommend.	positive
I hate this, completely useless.	negative
I love this product, it works perfectly!	positive
The product is okay, nothing special.	neutral
Neither good nor bad, just neutral.	neutral
Customer service was rude and unhelpful.	negative
Very bad experience, not happy at all.	negative
So happy with the service, totally satisfied.	positive
Customer service was rude and unhelpful.	negative
I love this product, it works perfectly!	positive
Worst purchase I have ever made.	negative
Neither good nor bad, just neutral.	neutral
Very bad experience, not happy at all.	negative
The product is okay, nothing special.	neutral
Excellent quality and fast delivery.	positive
Average quality, expected better.	neutral
This made my day, fantastic!	positive
The product is okay, nothing special.	neutral
The product is okay, nothing special.	neutral
Amazing experience, will definitely recommend.	positive
Not bad, but could be improved.	neutral
Excellent quality and fast delivery.	positive
I hate this, completely useless.	negative
The product is okay, nothing special.	neutral
It's fine, works as described.	neutral
The product broke after one use, terrible quality.	negative
Neither good nor bad, just neutral.	neutral
The product broke after one use, terrible quality.	negative
The product is okay, nothing special.	neutral
Excellent quality and fast delivery.	positive
Not bad, but could be improved.	neutral
Worst purchase I have ever made.	negative
Neither good nor bad, just neutral.	neutral
The product is okay, nothing special.	neutral
I hate this, completely useless.	negative
Amazing experience, will definitely recommend.	positive
Customer service was rude and unhelpful.	negative
It's fine, works as described.	neutral
Very bad experience, not happy at all.	negative
Not bad, but could be improved.	neutral
I love this product, it works perfectly!	positive
Very bad experience, not happy at all.	negative
Excellent quality and fast delivery.	positive
It's fine, works as described.	neutral
Average quality, expected better.	neutral
The product broke after one use, terrible quality.	negative
Not bad, but could be improved.	neutral
Worst purchase I have ever made.	negative
Very bad experience, not happy at all.	negative
The product broke after one use, terrible quality.	negative
Very bad experience, not happy at all.	negative
Average quality, expected better.	neutral
I hate this, completely useless.	negative
Worst purchase I have ever made.	negative
So happy with the service, totally satisfied.	positive
I love this product, it works perfectly!	positive
Amazing experience, will definitely recommend.	positive
I love this product, it works perfectly!	positive
Excellent quality and fast delivery.	positive
I hate this, completely useless.	negative
It's fine, works as described.	neutral
Neither good nor bad, just neutral.	neutral
Neither good nor bad, just neutral.	neutral
The product is okay, nothing special.	neutral
Not bad, but could be improved.	neutral
So happy with the service, totally satisfied.	positive
I hate this, completely useless.	negative
Worst purchase I have ever made.	negative
So happy with the service, totally satisfied.	positive
Amazing experience, will definitely recommend.	positive
Very bad experience, not happy at all.	negative
The product is okay, nothing special.	neutral
The product is okay, nothing special.	neutral
Not bad, but could be improved.	neutral
Worst purchase I have ever made.	negative
I love this product, it works perfectly!	positive
Not bad, but could be improved.	neutral
Neither good nor bad, just neutral.	neutral
I hate this, completely useless.	negative
Neither good nor bad, just neutral.	neutral
I hate this, completely useless.	negative
It's fine, works as described.	neutral
I love this product, it works perfectly!	positive
Customer service was rude and unhelpful.	negative
Neither good nor bad, just neutral.	neutral
Average quality, expected better.	neutral
Very bad experience, not happy at all.	negative
I love this product, it works perfectly!	positive
Average quality, expected better.	neutral
The product broke after one use, terrible quality.	negative
Not bad, but could be improved.	neutral
Neither good nor bad, just neutral.	neutral
Customer service was rude and unhelpful.	negative
Excellent quality and fast delivery.	positive
Amazing experience, will definitely recommend.	positive
This made my day, fantastic!	positive
Worst purchase I have ever made.	negative
Amazing experience, will definitely recommend.	positive
The product broke after one use, terrible quality.	negative
Excellent quality and fast delivery.	positive
So happy with the service, totally satisfied.	positive
So happy with the service, totally satisfied.	positive
This made my day, fantastic!	positive
Not bad, but could be improved.	neutral
I hate this, completely useless.	negative
So happy with the service, totally satisfied.	positive
The product broke after one use, terrible quality.	negative
I love this product, it works perfectly!	positive
Neither good nor bad, just neutral.	neutral
Customer service was rude and unhelpful.	negative
I love this product, it works perfectly!	positive
Excellent quality and fast delivery.	positive
Average quality, expected better.	neutral
Customer service was rude and unhelpful.	negative
Worst purchase I have ever made.	negative
I hate this, completely useless.	negative
The product is okay, nothing special.	neutral
I hate this, completely useless.	negative
Not bad, but could be improved.	neutral
The product is okay, nothing special.	neutral
Neither good nor bad, just neutral.	neutral
It's fine, works as described.	neutral
It's fine, works as described.	neutral
So happy with the service, totally satisfied.	positive
It's fine, works as described.	neutral
Excellent quality and fast delivery.	positive
Worst purchase I have ever made.	negative
The product broke after one use, terrible quality.	negative
It's fine, works as described.	neutral
So happy with the service, totally satisfied.	positive
It's fine, works as described.	neutral
It's fine, works as described.	neutral
Excellent quality and fast delivery.	positive
The product broke after one use, terrible quality.	negative
I love this product, it works perfectly!	positive
The product is okay, nothing special.	neutral
Worst purchase I have ever made.	negative
Very bad experience, not happy at all.	negative
It's fine, works as described.	neutral
Neither good nor bad, just neutral.	neutral
So happy with the service, totally satisfied.	positive
The product broke after one use, terrible quality.	negative
Neither good nor bad, just neutral.	neutral
Average quality, expected better.	neutral
I love this product, it works perfectly!	positive
So happy with the service, totally satisfied.	positive
Excellent quality and fast delivery.	positive
Not bad, but could be improved.	neutral
Amazing experience, will definitely recommend.	positive
The product broke after one use, terrible quality.	negative
Neither good nor bad, just neutral.	neutral
Neither good nor bad, just neutral.	neutral
Average quality, expected better.	neutral
Excellent quality and fast delivery.	positive
It's fine, works as described.	neutral
Not bad, but could be improved.	neutral
It's fine, works as described.	neutral
Average quality, expected better.	neutral
Very bad experience, not happy at all.	negative
I love this product, it works perfectly!	positive
I hate this, completely useless.	negative
Customer service was rude and unhelpful.	negative
Very bad experience, not happy at all.	negative
Average quality, expected better.	neutral
Average quality, expected better.	neutral
I love this product, it works perfectly!	positive
I love this product, it works perfectly!	positive
The product is okay, nothing special.	neutral
Amazing experience, will definitely recommend.	positive
It's fine, works as described.	neutral
So happy with the service, totally satisfied.	positive
Very bad experience, not happy at all.	negative
The product is okay, nothing special.	neutral
So happy with the service, totally satisfied.	positive
I love this product, it works perfectly!	positive
The product broke after one use, terrible quality.	negative
This made my day, fantastic!	positive
Average quality, expected better.	neutral
It's fine, works as described.	neutral
So happy with the service, totally satisfied.	positive
So happy with the service, totally satisfied.	positive
Customer service was rude and unhelpful.	negative
Neither good nor bad, just neutral.	neutral
Not bad, but could be improved.	neutral
So happy with the service, totally satisfied.	positive
It's fine, works as described.	neutral
Amazing experience, will definitely recommend.	positive
Not bad, but could be improved.	neutral
The product is okay, nothing special.	neutral
Excellent quality and fast delivery.	positive
It's fine, works as described.	neutral
It's fine, works as described.	neutral
Very bad experience, not happy at all.	negative
Worst purchase I have ever made.	negative
So happy with the service, totally satisfied.	positive
Worst purchase I have ever made.	negative
Neither good nor bad, just neutral.	neutral
This made my day, fantastic!	positive
Very bad experience, not happy at all.	negative
I hate this, completely useless.	negative
The product is okay, nothing special.	neutral
Very bad experience, not happy at all.	negative
Not bad, but could be improved.	neutral
Not bad, but could be improved.	neutral
Average quality, expected better.	neutral
Neither good nor bad, just neutral.	neutral
It's fine, works as described.	neutral
Not bad, but could be improved.	neutral
Neither good nor bad, just neutral.	neutral
The product is okay, nothing special.	neutral
I love this product, it works perfectly!	positive
Amazing experience, will definitely recommend.	positive
Amazing experience, will definitely recommend.	positive
Amazing experience, will definitely recommend.	positive
Amazing experience, will definitely recommend.	positive
I hate this, completely useless.	negative
This made my day, fantastic!	positive
Average quality, expected better.	neutral
Very bad experience, not happy at all.	negative
The product is okay, nothing special.	neutral
Amazing experience, will definitely recommend.	positive
So happy with the service, totally satisfied.	positive
Neither good nor bad, just neutral.	neutral
So happy with the service, totally satisfied.	positive
It's fine, works as described.	neutral
Excellent quality and fast delivery.	positive
I hate this, completely useless.	negative
It's fine, works as described.	neutral
Average quality, expected better.	neutral
Amazing experience, will definitely recommend.	positive
This made my day, fantastic!	positive
I hate this, completely useless.	negative
It's fine, works as described.	neutral
Very bad experience, not happy at all.	negative
Neither good nor bad, just neutral.	neutral
The product broke after one use, terrible quality.	negative
Not bad, but could be improved.	neutral
I love this product, it works perfectly!	positive
So happy with the service, totally satisfied.	positive
The product broke after one use, terrible quality.	negative
The product is okay, nothing special.	neutral
Neither good nor bad, just neutral.	neutral
I hate this, completely useless.	negative
This made my day, fantastic!	positive
I hate this, completely useless.	negative
So happy with the service, totally satisfied.	positive
Excellent quality and fast delivery.	positive
The product is okay, nothing special.	neutral
Worst purchase I have ever made.	negative
This made my day, fantastic!	positive
It's fine, works as described.	neutral
Amazing experience, will definitely recommend.	positive
Not bad, but could be improved.	neutral
Amazing experience, will definitely recommend.	positive
Amazing experience, will definitely recommend.	positive
I love this product, it works perfectly!	positive
Worst purchase I have ever made.	negative
I hate this, completely useless.	negative
I hate this, completely useless.	negative
The product broke after one use, terrible quality.	negative
Customer service was rude and unhelpful.	negative
Not bad, but could be improved.	neutral
The product broke after one use, terrible quality.	negative
Customer service was rude and unhelpful.	negative
Average quality, expected better.	neutral
Customer service was rude and unhelpful.	negative
The product broke after one use, terrible quality.	negative
The product broke after one use, terrible quality.	negative
The product broke after one use, terrible quality.	negative
Excellent quality and fast delivery.	positive
Customer service was rude and unhelpful.	negative
So happy with the service, totally satisfied.	positive
Worst purchase I have ever made.	negative
Neither good nor bad, just neutral.	neutral
I hate this, completely useless.	negative
Amazing experience, will definitely recommend.	positive
Customer service was rude and unhelpful.	negative
The product broke after one use, terrible quality.	negative
I love this product, it works perfectly!	positive
I love this product, it works perfectly!	positive
Not bad, but could be improved.	neutral
Customer service was rude and unhelpful.	negative
Excellent quality and fast delivery.	positive
The product broke after one use, terrible quality.	negative
Very bad experience, not happy at all.	negative
So happy with the service, totally satisfied.	positive
Neither good nor bad, just neutral.	neutral
Excellent quality and fast delivery.	positive
Amazing experience, will definitely recommend.	positive
The product broke after one use, terrible quality.	negative
Excellent quality and fast delivery.	positive
It's fine, works as described.	neutral
Excellent quality and fast delivery.	positive
Neither good nor bad, just neutral.	neutral
The product is okay, nothing special.	neutral
Excellent quality and fast delivery.	positive
Customer service was rude and unhelpful.	negative
I hate this, completely useless.	negative
Very bad experience, not happy at all.	negative
It's fine, works as described.	neutral
The product is okay, nothing special.	neutral
I love this product, it works perfectly!	positive
I hate this, completely useless.	negative
I love this product, it works perfectly!	positive
Amazing experience, will definitely recommend.	positive
So happy with the service, totally satisfied.	positive
So happy with the service, totally satisfied.	positive
The product is okay, nothing special.	neutral
Worst purchase I have ever made.	negative
The product broke after one use, terrible quality.	negative
So happy with the service, totally satisfied.	positive
Customer service was rude and unhelpful.	negative
So happy with the service, totally satisfied.	positive
Average quality, expected better.	neutral
Not bad, but could be improved.	neutral
Excellent quality and fast delivery.	positive
Customer service was rude and unhelpful.	negative
I hate this, completely useless.	negative
I hate this, completely useless.	negative
The product is okay, nothing special.	neutral
Customer service was rude and unhelpful.	negative
Not bad, but could be improved.	neutral
I hate this, completely useless.	negative
Not bad, but could be improved.	neutral
Worst purchase I have ever made.	negative
The product is okay, nothing special.	neutral
The product is okay, nothing special.	neutral
Neither good nor bad, just neutral.	neutral
Worst purchase I have ever made.	negative
Excellent quality and fast delivery.	positive
So happy with the service, totally satisfied.	positive
Very bad experience, not happy at all.	negative
I love this product, it works perfectly!	positive
Amazing experience, will definitely recommend.	positive
I hate this, completely useless.	negative
Very bad experience, not happy at all.	negative
Amazing experience, will definitely recommend.	positive
Not bad, but could be improved.	neutral
Worst purchase I have ever made.	negative
Excellent quality and fast delivery.	positive
I love this product, it works perfectly!	positive
So happy with the service, totally satisfied.	positive
I hate this, completely useless.	negative
Excellent quality and fast delivery.	positive
I love this product, it works perfectly!	positive
Customer service was rude and unhelpful.	negative
I love this product, it works perfectly!	positive
I hate this, completely useless.	negative
Customer service was rude and unhelpful.	negative
Very bad experience, not happy at all.	negative
The product broke after one use, terrible quality.	negative
It's fine, works as described.	neutral
Neither good nor bad, just neutral.	neutral
Worst purchase I have ever made.	negative
Excellent quality and fast delivery.	positive
Very bad experience, not happy at all.	negative
Very bad experience, not happy at all.	negative
I love this product, it works perfectly!	positive
The product broke after one use, terrible quality.	negative
This made my day, fantastic!	positive
It's fine, works as described.	neutral
Worst purchase I have ever made.	negative
I hate this, completely useless.	negative
Not bad, but could be improved.	neutral
Neither good nor bad, just neutral.	neutral
The product is okay, nothing special.	neutral
It's fine, works as described.	neutral
Excellent quality and fast delivery.	positive
Neither good nor bad, just neutral.	neutral
Customer service was rude and unhelpful.	negative
Very bad experience, not happy at all.	negative
Very bad experience, not happy at all.	negative
The product is okay, nothing special.	neutral
Customer service was rude and unhelpful.	negative
So happy with the service, totally satisfied.	positive
Excellent quality and fast delivery.	positive
The product is okay, nothing special.	neutral
Very bad experience, not happy at all.	negative
It's fine, works as described.	neutral
I hate this, completely useless.	negative
Average quality, expected better.	neutral
Very bad experience, not happy at all.	negative
Amazing experience, will definitely recommend.	positive
Excellent quality and fast delivery.	positive
Neither good nor bad, just neutral.	neutral
Not bad, but could be improved.	neutral
Very bad experience, not happy at all.	negative
Neither good nor bad, just neutral.	neutral
Customer service was rude and unhelpful.	negative
Very bad experience, not happy at all.	negative
So happy with the service, totally satisfied.	positive
Worst purchase I have ever made.	negative
I love this product, it works perfectly!	positive
It's fine, works as described.	neutral
Neither good nor bad, just neutral.	neutral
The product is okay, nothing special.	neutral
Customer service was rude and unhelpful.	negative
Very bad experience, not happy at all.	negative
Worst purchase I have ever made.	negative
The product is okay, nothing special.	neutral